steps,time,reward,delta,converged
1,0.0019774668803194118,255.0,125.25,False
2,0.0019457273827185873,255.0,0,True
