steps,time,reward,delta,converged
1,0.0038161135337858934,0.6666666666666666,0.08333333333333331,False
2,0.0031556755030710364,0.6666666666666666,0,True
