steps,time,reward,delta,converged
1,0.005989467616414945,0.7439132015298437,0.08796429849834309,False
2,0.006461071666503226,0.7753627265662426,7.38055513217848e-07,True
