steps,time,reward,delta,converged
1,0.020799950755687746,0.6666666666666666,0.08333333333333331,False
2,0.02094454180027583,0.6666666666666666,0,True
