steps,time,reward,delta,converged
1,0.14088233238499015,2.066423210556835,0.1287955675577402,False
2,0.2636561592899582,5.562979037322058,0.0028316800531068415,False
3,0.26732479637028206,5.591534387243111,8.511855485352697e-06,False
4,0.2589926973507488,5.591597611301502,8.511855485352697e-06,False
5,0.2629575697419355,5.5916047991318685,8.511855485352697e-06,False
6,0.2503569891976696,5.591605169481164,8.511855485352697e-06,False
7,0.2504817029811406,5.5916051737344725,8.511855485352697e-06,True
