steps,time,reward,delta,converged
1,0.0007268024347695246,252.3,100.0,False
2,0.0006533848090271022,391.2900000000001,30.0,False
3,0.0006373547597320339,462.984,9.0,False
4,0.0006386371636892818,493.4913000000001,2.700000000000001,False
5,0.0006395989666145852,505.34322000000003,0.8100000000000023,False
6,0.0006341487498957576,509.70871500000004,0.24300000000000033,False
7,0.0006331869469420326,511.2613392,0.07290000000000418,False
8,0.0006402401686216308,511.8000191699999,0.02187000000000694,False
9,0.0006386371636608601,511.983490974,0.006561000000004924,False
10,0.0006379959617106579,512.0450928590999,0.001968300000001477,False
11,0.0006408813706002547,512.0655415278,0.0005904900000075486,False
12,0.0006418431735255581,512.07226602792,0.00017714700001647543,False
13,0.0006341487498673359,512.0743912604789,5.314410000067937e-05,False
14,0.0006376753607355568,512.0750449329089,1.5943230010861953e-05,False
15,0.0006347899518743816,512.0752410346381,4.782969000416415e-06,True
