steps,time,reward,delta,converged
1,0.001126912465025498,0.6666666666666666,0.3333333333333333,False
2,0.0011724378050104178,0.6666666666666666,0,True
