steps,time,reward,delta,converged
1,0.01734066611906826,0.6666666666666666,0.3333333333333333,False
2,0.006791611282849885,0.6666666666666666,0,True
